{
  "test/integration/pages/A_PurchaseOrderItemObjectPage.js.map": 1735644612655,
  "test/integration/FirstJourney.js": 1735643797955,
  "test/integration/pages/A_PurchaseOrderList.js": 1735643797943,
  "test/integration/pages/A_PurchaseOrderItemObjectPage.js": 1735643797951,
  "test/integration/opaTests.qunit.js": 1735643797935,
  "test/integration/pages/A_PurchaseOrderObjectPage.js": 1735643797943,
  "test/testsuite.qunit.js": 1735643797923,
  "xs-app.json": 1735644588613,
  "manifest.json": 1735644588725,
  "Component.js": 1735643797879,
  "test/integration/pages/A_PurchaseOrderItemObjectPage-dbg.js": 1735643797951,
  "i18n/i18n.properties": 1735643815043,
  "test/integration/pages/A_PurchaseOrderList-dbg.js": 1735643797943,
  "test/integration/pages/A_PurchaseOrderList.js.map": 1735644612658,
  "test/integration/FirstJourney-dbg.js": 1735643797955,
  "test/integration/FirstJourney.js.map": 1735644612670,
  "test/integration/opaTests.qunit-dbg.js": 1735643797935,
  "test/integration/opaTests.qunit.js.map": 1735644612667,
  "test/integration/pages/A_PurchaseOrderObjectPage-dbg.js": 1735643797943,
  "test/integration/pages/A_PurchaseOrderObjectPage.js.map": 1735644612657,
  "test/testsuite.qunit-dbg.js": 1735643797923,
  "test/testsuite.qunit.js.map": 1735644612660,
  "Component-dbg.js": 1735643797879,
  "Component.js.map": 1735644612660,
  "Component-preload.js": 1735644612758,
  "Component-preload.js.map": 1735644612758,
  "test/integration/opaTests.qunit.html": 1735643797935,
  "test/testsuite.qunit.html": 1735643797915,
  "test/flpSandbox.html": 1735643797915,
  "index.html": 1735643797879
}